<?xml version="1.0" encoding="UTF-8" standalone="yes"?>
<addon id="repository.vkxbmc" name="VK XBMC Add-ons" version="1.0.0" provider-name="shchvova">
	<extension point="xbmc.addon.repository" name="VK XBMC Add-ons">
		<info compressed="false">http://xbmc-vk-repo.googlecode.com/svn/trunk/addons/addons.xml</info>
		<checksum>http://xbmc-vk-repo.googlecode.com/svn/trunk/addons/addons.xml.md5</checksum>
		<datadir zip="false">http://xbmc-vk-repo.googlecode.com/svn/trunk/addons/</datadir>
	</extension>
	<extension point="xbmc.addon.metadata">
		<summary>Install VK-XBMC Add-on from Add-on Repository</summary>
		<description>VK plug-in for XBMC</description>
		<disclaimer>Contains plugin which makes VKontakte media smooth and nice )</disclaimer>
		<platform>all</platform>
	</extension>
</addon>
