<?xml version="1.0" encoding="UTF-8" standalone="yes"?>
<addon id="xbmc-vk.svoka.com" name="VK-xbmc" version="0.7.6" provider-name="shchvova">
	<requires>
		<import addon="xbmc.python" version="2.0"/>
<!-- 		<import addon="script.module.simple.downloader.beta" version="0.9.1"/>
 -->	
    </requires>
	<extension point="xbmc.python.pluginsource" provides="image, audio, video" library="default.py">
		<provides>image video audio</provides>
	</extension>
	
	<extension point="xbmc.addon.repository" name="VK XBMC Add-ons">
		<info compressed="false">http://xbmc-vk-repo.googlecode.com/svn/trunk/addons/addons.xml</info>
		<checksum>http://xbmc-vk-repo.googlecode.com/svn/trunk/addons/addons.xml.md5</checksum>
		<datadir zip="false">http://xbmc-vk-repo.googlecode.com/svn/trunk/addons/</datadir>
	</extension>	
		
	<extension point="xbmc.addon.metadata">
		<summary lang="en">Video, audio and photos from VKontakte social network http://vkontakte.ru/</summary>
		<description lang="en">Video from VKontakte social network http://vkontakte.ru/
homepage - http://code.svoka.com/vk-xbmc-plugin
Author - Vlad Svoka aka Shchvova</description>
		<summary lang="ru">Видео с сайта http://vkontakte.ru/</summary>
		<description lang="ru">Видео, аудио и фотографии с сайта http://vkontakte.ru/
Домашняя страница проекта - http://code.svoka.com/vk-xbmc-plugin
Автор - Влад Свока aka Shchvova</description>
		<platform>all</platform>
	</extension>
</addon>
